customer_mobile,customer_name,store_id,store_visits,last_visit_date,last_bill_amount,city
+91 82889 40886,Mohan Joshi,MUM-01,9,27-02-2026,1113.88,Ahmedabad
+918689158766,A. Chatterjee,BLR-02,11,18-12-2025,1300.45,Chandigarh
+91 91280 85401,Jaya Khanna,BLR-02,7,10-12-2025,173.32,Hyderabad
+91 89683 46576,Divya Khan,MUM-02,29,23-02-2026,1153.51,Indore
+917143823470,rohan kapoor,CHE-01,21,15-12-2025,1158.82,Kolkata
+91-86407-91850,Gaurav Reddy,BLR-02,8,08-01-2026,581.73,Chandigarh
+91-91001-17645,sanjay iyer,DEL-01,21,05-06-2026,1536.99,Mumbai
+91-95193-25030,Sushma Mishra,MUM-01,35,06-04-2026,597.97,Hyderabad
+917132020402,Ashok Hussain,MUM-01,31,07-12-2025,1351.45,Kolkata
+917461111416,ashok kapoor,BLR-01,29,22-04-2026,1296.39,Jaipur
+918907229380,Bhavana Pillai,DEL-02,11,24-02-2026,439.58,Kochi
+917582866551,Amit Singh,MUM-01,40,30-05-2026,1146.42,Pune
+91 80648 44411,Kunal M.,DEL-01,40,06-04-2026,606.98,Hyderabad
+918161215183,Harish Khan,BLR-01,14,31-03-2026,1407.84,Indore
+91-83417-91746,Kavya T.,MUM-02,3,18-02-2026,1315.36,Kolkata
+91-93872-32434,Pratiksha Chatterjee,DEL-02,14,27-03-2026,1753.22,Chandigarh
+91 91160 43115,Ananya Menon,CHE-01,7,03-03-2026,1341.59,Indore
+919416467855,naveen mishra,DEL-02,36,12-01-2026,1162.21,Kochi
+91-85268-33438,Latha Ali,DEL-02,12,15-02-2026,1407.81,Bengaluru
+91 85182 00627,prakash naidu,DEL-01,9,18-12-2025,374.61,Chennai
+91 72883 54174,Neha Roy,DEL-01,28,01-02-2026,1660.04,Surat
+919380517706,Hemant Saxena,HYD-01,33,29-04-2026,497.39,Surat
+918880893081,Tara Ali,BLR-02,29,06-01-2026,1669.45,Indore
+919495307062,Vinay Yadav,BLR-01,14,14-02-2026,727.44,Kolkata
+91-99349-15982,Nisha D.,BLR-02,34,02-01-2026,752.16,Noida
+91-93912-90544,Madhuri Trivedi,DEL-02,15,04-04-2026,1018.35,Delhi
+919911849881,Arjun Pandey,BLR-01,17,11-04-2026,1236.16,Mumbai
+91 74947 79233,Zara Pillai,CHE-01,29,15-02-2026,1401.88,Surat
+91-83613-66969,nitin saxena,PUN-01,14,13-03-2026,896.35,Mumbai
+91-95335-52513,Bhavana Ali,BLR-03,38,17-02-2026,854.16,Pune
+919893080299,Kunal Tiwari,BLR-03,9,19-01-2026,184.62,Kolkata
+91-88253-55549,geeta tiwari,HYD-01,19,07-05-2026,946.63,Mumbai
+917636151877,Yash Gupta,CHE-01,3,08-02-2026,520.96,Surat
+918527469881,Deepak Kumar,PUN-01,40,23-02-2026,1067.51,Noida
+91 73371 02013,Abhishek Desai,DEL-01,34,23-05-2026,1247.81,Pune
+919987545508,R. Saxena,DEL-01,23,24-04-2026,298.71,Hyderabad
+91-78560-71346,A. Joshi,BLR-02,22,27-02-2026,455.03,Ahmedabad
+91-96304-66257,A. Sharma,PUN-01,31,17-02-2026,911.68,Noida
+91-84057-79277,Tarun Banerjee,BLR-03,6,30-11-2025,330.67,Surat
+91-95341-72876,Prakash T.,DEL-02,30,07-05-2026,693.23,Indore
+91 89499 46777,akash menon,HYD-01,5,26-03-2026,930.77,Chandigarh
+91 87067 61617,Pooja Hussain,BLR-02,25,19-04-2026,681.18,Bengaluru
+91-90611-92385,Madhuri Naidu,HYD-01,18,28-05-2026,994.87,Chennai
+91 74669 58727,Z. Bansal,MUM-02,33,07-12-2025,930.7,Kochi
+91 98019 24998,Riya Shah,DEL-01,25,04-06-2026,1146.47,Delhi
+918803660559,deepak kapoor,BLR-03,29,25-04-2026,1025.35,Surat
+91-75749-18300,G. Pillai,BLR-02,3,10-01-2026,359.86,Hyderabad
+91-73950-32113,Akash H.,DEL-01,35,04-12-2025,912.91,Mumbai
+91-93076-82349,geeta ali,DEL-01,27,08-02-2026,429.33,Gurugram
+91 85565 68648,Nikhil Patel,MUM-01,34,24-03-2026,619.4,Kochi
+91 70876 23186,Meera Ahmed,MUM-02,12,01-05-2026,385.66,Kochi
+91-95422-58792,aarti agarwal,MUM-02,25,24-12-2025,1609.79,Pune
+91 72509 85375,Rahul Hussain,BLR-03,19,16-02-2026,290.99,Ahmedabad
+91-85161-55961,A. Naidu,DEL-02,34,03-12-2025,980.63,Bengaluru
+91-83712-96371,divya shah,MUM-01,33,17-12-2025,960.54,Gurugram
+918587804980,naveen subramanian,PUN-01,16,20-05-2026,483.67,Ahmedabad
+919027524872,Kavya Mishra,DEL-02,39,24-03-2026,1298.52,Jaipur
+918509177794,Nisha Sheikh,BLR-03,9,11-02-2026,586.13,Noida
+91-81964-45862,Siddharth Patel,MUM-02,7,11-03-2026,286.48,Chennai
+91 82042 62722,Nikhil Roy,MUM-01,33,09-03-2026,499.15,Noida
+91 73708 05427,Kunal Banerjee,BLR-02,30,16-05-2026,924.36,Kolkata
+91 78269 31892,Deepak Trivedi,MUM-01,17,03-02-2026,515.24,Chennai
+917888797029,Riya Nair,MUM-02,34,16-05-2026,564.15,Delhi
+91 75881 28459,Naveen Nair,MUM-02,20,10-03-2026,174.35,Surat
+918767583451,Amit Banerjee,MUM-01,13,21-03-2026,852.56,Hyderabad
+918547852964,Aarti Singh,PUN-01,3,16-03-2026,926.85,Surat
+91 72290 80795,neha tiwari,PUN-01,3,22-11-2025,784.24,Chennai
+91-74248-76730,aliya ahmed,DEL-02,29,08-03-2026,390.1,Noida
+918390106983,zara menon,MUM-01,20,28-02-2026,1034.74,Mumbai
+91 77166 54456,A. Pillai,DEL-01,29,16-02-2026,1008.21,Chandigarh
+91 99299 01595,Faisal Reddy,PUN-01,3,06-12-2025,300.58,Chennai
+91-90538-56569,Anil D.,PUN-01,2,18-03-2026,914.43,Kolkata
+91 70577 23929,R. Malhotra,PUN-01,24,10-03-2026,1733.58,Kochi
+91-86913-84897,Pooja Joshi,DEL-01,5,20-03-2026,650.84,Gurugram
+91 92886 77429,Priya Sheikh,PUN-01,40,14-04-2026,243.27,Indore
+91-84747-10614,Tarun Ali,MUM-01,28,22-12-2025,179.01,Bengaluru
+91 79098 04061,Pranav Kapoor,MUM-01,26,30-01-2026,659.73,Kolkata
+91 77152 71041,Imran Pillai,BLR-03,6,03-05-2026,541.66,Gurugram
+91 95312 63127,Komal Pandey,PUN-01,8,21-12-2025,305.1,Chennai
+91-78521-06286,Ashok Verma,PUN-01,33,15-02-2026,951.71,Ahmedabad
+91-90712-87686,Abhishek N.,DEL-02,29,20-04-2026,162.22,Bengaluru
+91 72089 65939,akash khanna,MUM-01,14,02-12-2025,1622.71,Indore
+91 76554 77563,swati malhotra,BLR-02,14,14-03-2026,1415.81,Bengaluru
+918381741930,Pratiksha Reddy,PUN-01,10,24-02-2026,340.14,Pune
+91 72337 26324,Bhavana M.,MUM-01,13,23-11-2025,1307.59,Surat
+91 79037 25038,Mohan Verma,HYD-01,18,18-01-2026,282.42,Chandigarh
+919840757410,Sapna Verma,BLR-03,11,05-05-2026,155.74,Delhi
+91-76091-42138,Mohan Ali,DEL-01,6,02-04-2026,171.65,Jaipur
+91 88401 99789,Sonia Khanna,BLR-01,33,08-02-2026,752.3,Pune
+91 70999 32419,Suresh Trivedi,DEL-01,38,12-03-2026,422.24,Mumbai
+91 96244 15586,Tanya Das,MUM-01,39,26-03-2026,605.55,Indore
+91 84328 28700,Ananya Saxena,BLR-03,27,11-12-2025,1101.78,Chandigarh
+91 75043 90077,aditya mishra,HYD-01,28,05-06-2026,686.84,Jaipur
+91 83344 92331,Nikhil Yadav,BLR-01,33,08-12-2025,226.17,Noida
+91 75392 71844,H. Agarwal,MUM-01,29,07-02-2026,609.09,Chandigarh
+91 71093 93560,Pooja Malhotra,BLR-01,22,29-03-2026,760.95,Chennai
+918479933406,Pooja N.,BLR-03,40,19-02-2026,393.59,Delhi
+917724248642,aditya ali,HYD-01,13,27-11-2025,1635.89,Chandigarh
+91 88546 91560,I. Qureshi,DEL-02,30,28-01-2026,164.08,Jaipur
+91-90002-77819,Latha Menon,PUN-01,24,25-05-2026,646.03,Chennai
+91 73713 12477,Rajesh Gupta,BLR-02,38,06-12-2025,725.86,Hyderabad
+91-71170-34182,Sapna Hussain,BLR-01,20,04-04-2026,1630.42,Pune
+91-84212-59321,Abhishek Bansal,DEL-02,27,12-02-2026,1556.56,Surat
+917834589982,ritu trivedi,BLR-03,4,23-01-2026,439.76,Ahmedabad
+91-76210-12798,Vinay Gupta,BLR-03,32,19-02-2026,1316.37,Kochi
+917332339766,Omar Patel,CHE-01,40,06-06-2026,404.13,Indore
+91-81217-56576,omar joshi,MUM-01,33,14-12-2025,710.6,Mumbai
+91 94104 43711,Hemant Malhotra,DEL-02,20,12-03-2026,151.67,Delhi
+91-78153-32107,Komal R.,CHE-01,2,22-11-2025,226.34,Delhi
+91-85733-09258,Asha Choudhary,PUN-01,9,20-03-2026,1083.58,Chandigarh
+917172967544,Anjali D.,HYD-01,10,24-01-2026,1131.53,Bengaluru
+918558463772,Imran Qureshi,MUM-02,6,08-01-2026,1187.61,Delhi
+91-85393-85535,Aishwarya Choudhary,BLR-01,22,11-05-2026,692.45,Delhi
+917887592360,Harish Verma,MUM-02,10,17-02-2026,824.05,Pune
+91 95382 64913,Ritu Joshi,DEL-02,34,27-11-2025,1654.47,Chandigarh
+91-88283-53311,amit patel,MUM-02,22,23-01-2026,1549.81,Mumbai
+91 90669 76628,neha kumar,BLR-03,6,15-04-2026,422.89,Surat
+917887744268,S. Joshi,BLR-02,13,15-03-2026,1116.85,Jaipur
+91 98778 62888,Omar Khanna,MUM-02,28,13-02-2026,374.6,Mumbai
+919307876466,Suresh Sharma,BLR-02,13,13-03-2026,1114.21,Chandigarh
+917477462953,madhuri sharma,CHE-01,21,23-03-2026,1703.65,Indore
+91 74796 05992,Harish Singh,CHE-01,20,12-05-2026,914.4,Ahmedabad
+91 86105 67410,Anjali Banerjee,CHE-01,33,12-04-2026,265.0,Gurugram
+918296095114,Aishwarya Hussain,DEL-02,14,07-05-2026,1426.5,Mumbai
+919621100425,Neha Das,MUM-02,27,05-12-2025,596.13,Surat
+917552411482,Tarun Gupta,DEL-01,30,27-03-2026,1652.31,Chandigarh
+917566033346,G. Singh,DEL-01,9,09-04-2026,1093.41,Kochi
+91-82315-61987,Prakash Subramanian,MUM-01,21,12-12-2025,277.41,Pune
+917542405562,Yash Verma,BLR-02,20,06-12-2025,966.12,Bengaluru
+918354816067,Rohit T.,DEL-02,3,09-03-2026,647.52,Surat
+91 98935 80236,Pratiksha S.,CHE-01,2,05-02-2026,862.32,Kochi
+91-81924-75712,Riya K.,PUN-01,22,02-01-2026,1202.89,Indore
+91 76604 58445,Harish Bansal,BLR-02,15,19-01-2026,1665.75,Kolkata
+919553898825,Akash Choudhary,DEL-02,31,07-05-2026,669.68,Kolkata
+91 82675 82356,S. Pillai,HYD-01,40,16-05-2026,1223.35,Noida
+91-75051-10414,Neha Khanna,HYD-01,14,06-05-2026,1401.2,Pune
+91-98614-96122,Saurabh Mishra,DEL-02,17,25-03-2026,564.76,Ahmedabad
+91 94949 93141,Arjun Malhotra,BLR-01,1,24-03-2026,1429.52,Chennai
+919975900155,S. Iyer,BLR-03,34,23-01-2026,1068.75,Delhi
+918403350353,Suresh N.,PUN-01,30,07-12-2025,578.75,Chennai
+91-79401-54035,Ritu Bose,BLR-03,12,18-05-2026,422.34,Kochi
+91-85942-58222,Suresh Tiwari,MUM-01,12,08-05-2026,1167.25,Jaipur
+91 86177 15413,Siddharth Verma,CHE-01,7,01-06-2026,1342.15,Chandigarh
+918902139940,aditya krishnan,HYD-01,28,18-05-2026,628.99,Jaipur
+91 84290 80607,Manish Pandey,HYD-01,18,28-01-2026,1422.41,Gurugram
+91-73792-31999,Smita Kapoor,PUN-01,19,28-02-2026,529.08,Chennai
+919945462350,Ananya Ali,PUN-01,40,24-12-2025,1664.88,Indore
+91-75462-11046,Akash Sheikh,MUM-01,12,20-02-2026,302.53,Chandigarh
+91 85578 44908,Tara Ahmed,CHE-01,31,05-04-2026,594.7,Indore
+91 74138 88694,Geeta Khanna,DEL-02,33,20-02-2026,557.45,Gurugram
+91 99660 81796,Asha Bose,BLR-02,35,29-04-2026,1588.45,Hyderabad
+91-89115-73476,Vikram Menon,CHE-01,31,07-06-2026,1416.47,Chandigarh
+91 81084 62308,Naveen Mishra,PUN-01,14,19-01-2026,289.66,Kochi
+91 70684 50468,Sushma Reddy,BLR-01,9,23-02-2026,1224.29,Delhi
+919310360610,Rakesh Iyer,BLR-01,33,23-01-2026,1491.15,Delhi
+91 90404 81479,Arjun Khan,PUN-01,23,17-01-2026,662.69,Ahmedabad
+91-87074-58987,Shreya Pillai,PUN-01,32,02-01-2026,1779.44,Noida
+918539843694,Nikhil Khanna,DEL-01,30,13-02-2026,1641.12,Kolkata
+91 93921 50480,Karthik Y.,CHE-01,3,23-04-2026,1502.05,Surat
+91-77358-99049,tara ali,DEL-02,30,22-03-2026,807.03,Bengaluru
+919823760039,G. Subramanian,CHE-01,11,31-03-2026,1340.18,Bengaluru
+91 79044 56285,S. Menon,PUN-01,36,05-01-2026,884.41,Surat
+91-97543-44433,P. Krishnan,MUM-02,3,01-04-2026,1240.16,Hyderabad
+91-89970-93287,Sapna Malhotra,DEL-01,32,30-01-2026,774.21,Gurugram
+91 76439 05620,harish pandey,HYD-01,14,10-03-2026,1051.88,Indore
+91 89321 33524,Ritu Pandey,BLR-03,19,14-01-2026,1120.47,Ahmedabad
+91 92153 10458,Madhuri Bhat,CHE-01,24,24-01-2026,641.68,Gurugram
+917886832274,Megha Bose,CHE-01,28,25-05-2026,724.23,Mumbai
+91-83308-97344,Gaurav Ahmed,CHE-01,24,15-03-2026,999.2,Kochi
+919148371646,Bhavana Singh,DEL-02,13,30-01-2026,282.02,Ahmedabad
+91-98505-77996,Smita T.,MUM-01,30,01-02-2026,1737.36,Ahmedabad
+91 84418 70457,Pranav Gupta,PUN-01,37,06-01-2026,1380.25,Surat
+91 94806 99905,Rajesh Khan,BLR-03,16,14-05-2026,1357.23,Surat
+91-90719-97401,Rashmi Mukherjee,MUM-01,35,04-04-2026,398.84,Ahmedabad
+91-76768-96893,Tarun Qureshi,HYD-01,9,23-01-2026,617.81,Delhi
+91 84742 94642,Geeta Roy,CHE-01,13,08-04-2026,340.42,Surat
+918373694626,Sanjay Iyer,BLR-03,7,26-05-2026,1177.92,Hyderabad
+91 83525 93057,Mohan Malhotra,MUM-01,26,27-01-2026,1057.16,Ahmedabad
+919029714321,R. Roy,CHE-01,28,12-03-2026,658.84,Delhi
+919929004687,Varun Nair,BLR-01,7,27-12-2025,977.83,Gurugram
+91-83164-13995,Smita Shah,HYD-01,33,18-02-2026,1687.79,Chandigarh
+91 97527 15002,Rekha Menon,MUM-01,18,26-12-2025,1353.06,Surat
+91-83176-01436,Rajesh Sheikh,MUM-02,32,18-12-2025,1278.41,Mumbai
+91-90279-88453,pratiksha rao,CHE-01,30,16-05-2026,691.36,Kolkata
+91 84128 36864,geeta ahmed,PUN-01,21,25-05-2026,1201.46,Delhi
+91-78682-91389,Imran Sheikh,CHE-01,1,20-12-2025,1196.09,Hyderabad
+91-78100-52346,Pallavi Singh,CHE-01,34,14-12-2025,1782.24,Ahmedabad
+91-78787-57242,Vinay Subramanian,BLR-01,33,15-03-2026,672.27,Kolkata
+91-99648-71605,anjali pillai,DEL-01,29,08-01-2026,1152.11,Noida
+91 83899 78588,Abhishek P.,HYD-01,11,20-12-2025,1396.58,Jaipur
+91-83172-01766,Tara P.,CHE-01,17,03-02-2026,641.15,Hyderabad
+918311127125,Sandeep Bansal,BLR-01,5,13-03-2026,1248.31,Pune
+91-72386-36478,Ritu Saxena,MUM-01,1,31-05-2026,1473.48,Mumbai
+91-98450-45454,K. Desai,BLR-02,1,07-01-2026,925.78,Gurugram
+91 85786 90640,Meera Gupta,MUM-02,25,02-05-2026,426.04,Hyderabad
+91 72604 58819,anil banerjee,BLR-02,16,01-03-2026,1638.75,Gurugram
+91-89419-56851,Sandeep Mukherjee,BLR-01,8,23-04-2026,1721.2,Mumbai
+91 77189 24120,Rakesh Ali,CHE-01,29,20-12-2025,1241.82,Delhi
+91-87156-90157,Komal S.,MUM-01,9,27-01-2026,1384.29,Kochi
+91-93045-79063,Kiran Das,DEL-02,19,30-04-2026,1777.34,Chandigarh
+919733343289,A. Sharma,PUN-01,21,28-05-2026,1425.93,Kolkata
+91 92239 69808,S. Pillai,CHE-01,4,21-04-2026,1112.39,Hyderabad
+91-79268-18877,karthik trivedi,CHE-01,10,11-01-2026,1416.53,Chennai
+91-75183-90424,sandeep bhat,PUN-01,33,08-05-2026,1636.52,Bengaluru
+91 86246 47215,Ishita Qureshi,MUM-01,5,07-01-2026,961.66,Jaipur
+91 75687 81440,Neha K.,BLR-02,7,04-01-2026,515.22,Hyderabad
+91 80443 74438,H. Khanna,MUM-01,2,05-01-2026,733.31,Chandigarh
+919179109717,Rohit Malhotra,BLR-03,4,14-02-2026,1797.69,Kolkata
+917120254607,S. Patel,DEL-02,24,19-01-2026,193.75,Gurugram
+91-96691-25052,Rahul Yadav,HYD-01,28,26-01-2026,1566.8,Surat
+91-72385-88232,Vinay Mehta,BLR-02,19,27-01-2026,825.59,Chennai
+91 78080 65310,Rahul Trivedi,MUM-01,29,23-02-2026,1790.95,Chennai
+91-81622-73186,Sapna R.,BLR-01,29,04-03-2026,456.56,Pune
+91 96417 77097,Megha Sheikh,DEL-01,22,19-04-2026,152.93,Pune
+91 93709 25767,Aliya Sheikh,DEL-01,19,20-02-2026,543.82,Mumbai
+91-78005-82398,Pranav Kumar,HYD-01,32,14-03-2026,1061.82,Surat
+91-89905-08542,Abhishek Khanna,CHE-01,13,27-11-2025,650.04,Kolkata
+917478292886,Pooja M.,DEL-01,3,30-05-2026,523.51,Surat
+919539727823,shreya bhat,HYD-01,17,05-05-2026,1474.46,Noida
+91-70427-03444,Tara M.,MUM-02,10,12-02-2026,1544.34,Jaipur
+91-85396-22887,K. Naidu,MUM-02,20,06-02-2026,747.06,Kolkata
+918114786145,G. Malhotra,BLR-02,22,12-02-2026,725.83,Hyderabad
+919764540818,riya trivedi,CHE-01,28,05-06-2026,355.42,Kolkata
+917031973934,Pooja Desai,BLR-01,27,08-01-2026,1594.41,Kolkata
+91-80628-74173,Meera J.,BLR-02,23,19-05-2026,331.7,Kochi
+91-85915-27252,K. Choudhary,HYD-01,32,16-03-2026,1500.07,Kochi
+91 94802 67053,Mohan Pandey,DEL-01,25,05-02-2026,1204.44,Bengaluru
+919126564958,Vinay Singh,CHE-01,14,22-04-2026,1131.23,Surat
+91 73867 21058,P. Choudhary,HYD-01,8,01-12-2025,1211.24,Surat
+91 87261 47656,megha bose,BLR-03,31,18-01-2026,1679.81,Kochi
+91-99966-65111,anil hussain,DEL-01,12,04-12-2025,1083.41,Gurugram
+918935349458,Anil M.,DEL-02,25,06-04-2026,204.58,Kochi
+91 82122 00115,Meera Kapoor,BLR-03,31,19-02-2026,859.45,Surat
+91-83923-38191,rohit menon,BLR-02,13,13-03-2026,175.97,Mumbai
+919130372180,S. Agarwal,CHE-01,33,16-03-2026,869.6,Mumbai
+918882434067,Ritu Sen,BLR-03,39,23-05-2026,1362.0,Noida
+91-93350-02311,Sapna Chatterjee,BLR-01,22,20-03-2026,780.3,Chennai
+91 74698 25544,Imran S.,CHE-01,4,10-01-2026,1706.71,Delhi
+91 84741 44257,Sushma Tiwari,DEL-01,25,30-11-2025,1414.03,Indore
+918280915583,Meera Tiwari,BLR-02,29,16-03-2026,1366.56,Kolkata
+91 95146 36384,Aarti A.,BLR-03,14,24-01-2026,213.21,Bengaluru
+91 74326 95362,Kavya Verma,MUM-01,35,03-12-2025,1713.21,Ahmedabad
+91 83732 14993,Akash Naidu,HYD-01,39,30-01-2026,732.54,Mumbai
+91 92008 03577,Yash Malhotra,DEL-01,37,02-06-2026,503.79,Indore
+918927699922,Tarun Roy,BLR-03,21,13-02-2026,1142.63,Kochi
+91 84183 52686,Ishita N.,DEL-01,30,13-03-2026,964.84,Kolkata
+91 81849 59923,Tanya Chatterjee,HYD-01,8,06-02-2026,1728.51,Gurugram
+91 75974 72507,Lakshmi K.,DEL-02,32,29-04-2026,1502.95,Surat
+91 77934 03287,Saurabh Desai,BLR-03,12,10-12-2025,1609.79,Kochi
+919107605176,Ayesha Khanna,BLR-02,33,25-01-2026,735.3,Delhi
+91-98267-79855,rohan verma,CHE-01,21,08-12-2025,1745.55,Mumbai
+91-73247-24942,Nikhil Joshi,HYD-01,28,23-01-2026,878.43,Mumbai
+91 88137 02517,Sandeep S.,CHE-01,36,03-01-2026,1001.39,Kochi
+91-74539-98186,Rohit Joshi,MUM-01,38,19-04-2026,157.69,Jaipur
+91-88622-54631,trisha singh,MUM-02,16,21-03-2026,1501.81,Kochi
+917749413472,R. Sheikh,BLR-01,9,04-05-2026,1083.82,Ahmedabad
+91-97160-43181,Aliya Singh,BLR-01,10,07-06-2026,708.48,Indore
+919771368134,Ishita Agarwal,BLR-03,4,04-01-2026,730.92,Hyderabad
+91-74444-79245,Akash Agarwal,CHE-01,17,12-05-2026,236.57,Hyderabad
+919360361388,Faisal Ali,MUM-01,9,07-05-2026,1567.59,Indore
+91-77061-00945,Tarun Qureshi,CHE-01,36,02-12-2025,1034.03,Delhi
+91-76807-48198,Ashok Kumar,BLR-01,4,19-05-2026,289.9,Hyderabad
+91-73848-90673,Z. Kapoor,MUM-01,1,25-02-2026,1505.6,Ahmedabad
+917768660412,Gaurav Sen,CHE-01,21,09-02-2026,169.48,Hyderabad
+91-76440-20909,P. Hussain,DEL-02,24,30-11-2025,1743.85,Pune
+918248799059,Gaurav Sen,BLR-03,36,19-04-2026,527.63,Kochi
+91-84883-14412,Varun Bansal,DEL-01,6,15-12-2025,935.69,Kochi
+918012529383,Mohan Hussain,DEL-01,33,02-03-2026,555.95,Bengaluru
+91 93135 76884,naveen bhat,BLR-03,27,18-02-2026,1567.91,Gurugram
+91 99905 84998,Latha Menon,DEL-02,34,07-03-2026,394.3,Jaipur
+918488338285,Vinay Agarwal,HYD-01,11,03-06-2026,1713.39,Noida
+91 97256 21089,Priya Das,BLR-02,13,07-02-2026,810.32,Indore
+919739612816,Bhavana Joshi,PUN-01,28,08-12-2025,1692.81,Chandigarh
+917814223295,Divya Tiwari,PUN-01,17,09-05-2026,499.84,Kochi
+91 85778 08053,Pratiksha Gupta,PUN-01,9,18-12-2025,473.81,Indore
+91-70428-14596,Jaya Agarwal,DEL-02,20,07-06-2026,556.17,Surat
+91 77620 98725,A. Mehta,BLR-03,14,14-04-2026,196.12,Noida
+917404202102,sushma rao,DEL-02,26,12-02-2026,1235.41,Ahmedabad
+91 79398 54066,Pallavi Rao,PUN-01,12,13-03-2026,759.27,Kolkata
+917196452397,Madhuri Choudhary,MUM-01,36,12-04-2026,1552.93,Bengaluru
+91-82604-05350,Vikram Mehta,BLR-01,13,07-12-2025,388.09,Noida
+917476325174,ananya pillai,HYD-01,40,16-03-2026,625.12,Indore
+91-76069-45375,Nitin H.,BLR-03,19,15-02-2026,1610.27,Pune
+91-73455-14384,Deepak Malhotra,MUM-02,31,07-01-2026,613.93,Bengaluru
+918351167805,Rohan Shah,MUM-01,34,14-04-2026,1322.15,Pune
+91 84888 43246,Harish B.,BLR-01,31,17-12-2025,1491.7,Bengaluru
+91 85280 29945,Aarti Pandey,PUN-01,30,12-03-2026,1485.25,Noida
+91 81625 98757,Varun Singh,BLR-03,1,07-04-2026,1454.45,Gurugram
+91-99336-63849,Aishwarya K.,MUM-02,5,30-01-2026,733.61,Mumbai
+919686578195,Yash Kumar,BLR-01,35,10-01-2026,1397.59,Ahmedabad
+917658466539,Rohit Malhotra,HYD-01,33,06-02-2026,1468.66,Kolkata
+919864530584,Rahul Pillai,PUN-01,8,31-03-2026,943.98,Bengaluru
+91-97226-47953,Kavya Krishnan,CHE-01,31,10-04-2026,1662.07,Surat
+918167514522,Tara Hussain,DEL-02,4,27-02-2026,1274.77,Mumbai
+919676386614,N. Patel,CHE-01,19,13-05-2026,1713.3,Kochi
+918644656253,Yash Subramanian,MUM-01,3,16-02-2026,1606.71,Indore
+918742689489,Komal Roy,BLR-01,4,31-03-2026,1219.92,Hyderabad
+91 75663 67282,sandeep joshi,MUM-02,36,22-04-2026,317.67,Kochi
+91 89128 03230,N. Iyer,MUM-02,26,29-05-2026,339.13,Delhi
+917915364394,Ayesha M.,DEL-01,29,21-11-2025,661.88,Pune
+918692031863,Meera Choudhary,BLR-01,15,11-02-2026,1541.7,Chennai
+91-77711-16412,Yash K.,DEL-02,12,08-12-2025,1668.21,Indore
+918125064183,vikram desai,MUM-01,21,05-01-2026,1013.59,Indore
+91-81472-09757,Pranav Hussain,BLR-01,37,03-06-2026,1415.6,Bengaluru
+91 71292 28842,Meera Subramanian,MUM-02,16,26-05-2026,1452.98,Gurugram
+919451783847,Madhuri Menon,DEL-02,3,28-04-2026,693.01,Noida
+91-76446-02127,vikram krishnan,DEL-02,29,13-02-2026,186.52,Jaipur
+91 89009 12253,Sanjay Singh,MUM-02,27,29-12-2025,1685.29,Hyderabad
+918280642118,Suresh Sheikh,BLR-03,38,20-12-2025,1774.5,Kolkata
+917880850067,Naveen Ali,BLR-03,10,12-04-2026,1663.91,Noida
+91 76072 34602,omar rao,HYD-01,37,19-03-2026,535.67,Chandigarh
+919516042654,Saurabh Patel,MUM-02,1,10-03-2026,1376.19,Kochi
+91 84501 34822,S. Das,BLR-02,3,12-03-2026,754.98,Jaipur
+91 85724 32545,zara reddy,BLR-02,33,21-01-2026,1539.58,Surat
+91-75842-39423,S. Singh,HYD-01,20,16-02-2026,235.59,Surat
+91 73553 36108,Hemant Kumar,BLR-02,40,25-04-2026,1622.61,Kolkata
+91 96413 60254,prakash mehta,MUM-02,18,20-02-2026,922.26,Kolkata
+91 93266 64402,V. Chatterjee,MUM-02,36,04-01-2026,270.99,Chennai
+91-78254-34354,Sandeep Roy,DEL-02,16,28-05-2026,279.34,Bengaluru
+919684270095,P. Banerjee,BLR-03,29,05-12-2025,189.57,Ahmedabad
+919857456261,sapna khanna,BLR-03,33,20-02-2026,1336.6,Bengaluru
+918256280831,Aishwarya Ali,DEL-01,40,25-12-2025,769.05,Delhi
+91-79124-68534,Rajesh Singh,HYD-01,4,31-03-2026,206.65,Pune
+91-91719-87073,Neha Subramanian,BLR-02,36,21-02-2026,265.15,Bengaluru
+919403710728,Amit Ahmed,DEL-02,13,01-05-2026,1394.67,Noida
+919943967488,Saurabh Chatterjee,MUM-01,13,04-06-2026,601.83,Hyderabad
+91-87386-59486,Meera Menon,BLR-02,23,09-01-2026,1677.63,Indore
+919726055181,Kavya Shah,BLR-01,39,30-12-2025,377.5,Kolkata
+91-97391-46953,Tara N.,HYD-01,15,22-12-2025,1366.34,Jaipur
+91-96816-68327,Akash M.,DEL-01,30,02-03-2026,1659.35,Kochi
+91-81838-48372,Aliya Mishra,BLR-02,34,21-05-2026,404.18,Surat
+918566367717,K. Kapoor,CHE-01,19,04-01-2026,879.93,Kochi
+918462317809,M. Mukherjee,PUN-01,9,31-01-2026,1219.27,Surat
+91-89557-95583,Abhishek Trivedi,DEL-01,2,29-04-2026,656.57,Surat
+91-76590-29893,Pranav Bansal,CHE-01,9,27-02-2026,184.07,Surat
+918208742325,Bhavana Nair,MUM-02,24,17-04-2026,1505.06,Surat
+918554116558,Sanjay K.,BLR-03,31,23-01-2026,1732.18,Kolkata
+91 78019 78186,Varun Sharma,HYD-01,3,08-06-2026,1748.2,Pune
+91-73386-98105,hemant mishra,MUM-01,25,21-11-2025,1039.63,Delhi
+918787217678,Harish Tiwari,PUN-01,17,08-03-2026,385.27,Gurugram
+917500070218,Lakshmi Sen,BLR-03,4,28-05-2026,1196.72,Chandigarh
+917823116080,J. Krishnan,HYD-01,19,08-06-2026,1496.35,Mumbai
+91-72561-52676,Neha Bansal,PUN-01,34,19-01-2026,517.03,Pune
+91 88393 42764,Aditya Trivedi,PUN-01,21,27-12-2025,1029.98,Chandigarh
+91-71223-11332,Geeta Kumar,PUN-01,35,05-03-2026,193.18,Mumbai
+91 84354 70507,R. Naidu,BLR-01,8,15-02-2026,222.12,Gurugram
+91 93420 19457,Sanjay Sen,DEL-02,10,14-01-2026,957.05,Kolkata
+918169613651,Bhavana Qureshi,BLR-03,10,24-02-2026,1575.8,Chennai
+91 88860 67582,Anil Reddy,BLR-01,32,03-04-2026,511.27,Kochi
+918069582703,S. Trivedi,MUM-02,27,21-11-2025,1326.17,Ahmedabad
+91 97420 99010,Latha Pandey,BLR-02,12,29-03-2026,1616.34,Noida
+917483801907,Priya Bose,BLR-03,20,12-02-2026,1419.5,Ahmedabad
+91 75577 60715,Tanya Mishra,BLR-03,21,24-02-2026,544.2,Indore
+91 80219 25823,Naveen Sen,BLR-02,36,15-04-2026,1127.03,Chennai
+91-91233-61780,R. Menon,PUN-01,3,15-02-2026,1619.9,Chandigarh
+917319811623,Karthik Sen,PUN-01,19,10-02-2026,1388.84,Indore
+91 80735 80043,aliya yadav,BLR-02,40,19-03-2026,1566.46,Mumbai
+91-91399-68776,Akash Bhat,BLR-01,29,25-01-2026,411.57,Pune
+91 91118 82537,mahesh ali,HYD-01,6,22-04-2026,495.64,Chandigarh
+91-74688-50019,Pallavi C.,CHE-01,33,05-03-2026,1793.27,Kochi
+91 80703 17155,Abhishek K.,CHE-01,6,25-03-2026,538.93,Delhi
+91 77633 52511,Harish Pillai,CHE-01,11,26-04-2026,249.13,Gurugram
+917965703101,Aliya K.,BLR-01,7,22-11-2025,1615.91,Hyderabad
+918858277208,bhavana ahmed,CHE-01,15,05-06-2026,1359.23,Pune
+919540554840,Zara Patel,DEL-01,23,01-02-2026,598.0,Chandigarh
+91-79091-62767,Aarti Menon,BLR-01,33,04-02-2026,714.57,Noida
+91 81013 63977,suresh tiwari,PUN-01,28,28-12-2025,159.32,Chennai
+91 98153 82156,Priya Banerjee,BLR-01,3,25-12-2025,1384.76,Hyderabad
+91-90309-68559,R. Qureshi,DEL-01,15,08-03-2026,1452.13,Pune
+917723688416,Zara Khan,MUM-01,31,28-01-2026,407.88,Chennai
+91 82601 21550,ayesha menon,BLR-03,37,29-11-2025,581.32,Ahmedabad
+917047229026,Rahul Subramanian,BLR-03,9,31-03-2026,875.23,Mumbai
+91-70789-37696,lakshmi khan,DEL-02,31,12-05-2026,1100.86,Ahmedabad
+917610002780,Yash Menon,MUM-02,13,26-04-2026,188.64,Kolkata
+91-80004-64353,Smita Reddy,DEL-02,26,21-02-2026,450.37,Delhi
+91-80864-25844,Rashmi Bose,DEL-01,27,14-04-2026,532.15,Delhi
+91-93900-57204,Tara Khanna,MUM-01,40,04-04-2026,602.93,Noida
+91-79042-55406,nikhil yadav,DEL-01,20,21-05-2026,1797.67,Mumbai
+91 98800 15829,Akash J.,BLR-03,4,22-03-2026,841.9,Surat
+91-81718-77028,Rahul Malhotra,CHE-01,4,23-12-2025,1228.07,Pune
+918019762552,Manish Yadav,PUN-01,5,06-12-2025,560.17,Delhi
+919536314300,Riya B.,BLR-01,23,10-02-2026,858.44,Ahmedabad
+91 73989 69419,Divya Qureshi,MUM-01,15,03-03-2026,861.89,Surat
+91 79497 99493,Megha S.,HYD-01,38,27-12-2025,1113.56,Noida
+918388752162,Vinay Hussain,PUN-01,1,21-11-2025,747.35,Ahmedabad
+91 86791 74516,saurabh hussain,CHE-01,38,03-02-2026,603.27,Kochi
+91-84826-01294,Lakshmi Gupta,DEL-01,29,04-04-2026,1695.29,Indore
+91 85831 51197,Tanya J.,HYD-01,28,14-03-2026,671.8,Gurugram
+91 95266 71810,Varun C.,BLR-02,20,13-01-2026,1276.39,Chennai
+91 80572 56958,tara iyer,DEL-02,9,30-04-2026,636.81,Chennai
+91 93501 57861,Amit Mukherjee,HYD-01,32,23-03-2026,1424.03,Chandigarh
+91-79670-94162,Neha Verma,MUM-02,20,28-03-2026,1262.32,Pune
+91 70936 58085,Riya Sharma,DEL-01,28,01-01-2026,1098.74,Indore
+91 93546 83984,Sneha Desai,BLR-02,35,02-02-2026,353.97,Ahmedabad
+91-90701-80692,bhavana patel,MUM-01,36,19-01-2026,1680.83,Surat
+918359458162,A. Ahmed,MUM-02,16,30-03-2026,1514.91,Kochi
+91 80235 02138,Manish J.,MUM-01,10,22-05-2026,574.62,Pune
+918106857568,Pratiksha Banerjee,BLR-03,8,17-12-2025,176.71,Jaipur
+91-97255-59336,Harish Agarwal,MUM-02,2,20-02-2026,1618.72,Mumbai
+91-89313-20554,Yash V.,BLR-01,24,08-04-2026,737.35,Jaipur
+91-94240-76143,Rohit Mishra,CHE-01,34,22-04-2026,879.58,Indore
+91 80707 79499,Rekha Subramanian,HYD-01,36,23-11-2025,1394.05,Chandigarh
+918002520646,Sapna K.,MUM-02,38,14-01-2026,541.8,Kolkata
+91-76604-78003,Aliya Naidu,HYD-01,12,27-11-2025,244.11,Chennai
+918945901049,Yash C.,CHE-01,18,11-05-2026,284.3,Kochi
+91 95500 81394,Jaya Malhotra,PUN-01,29,21-03-2026,1603.5,Surat
+91-96828-84315,priya subramanian,CHE-01,25,14-05-2026,1412.31,Pune
+918049443643,Sandeep Choudhary,PUN-01,30,02-06-2026,1597.64,Noida
+918858752735,P. Agarwal,PUN-01,26,21-01-2026,1051.56,Pune
+918614843775,Imran Nair,CHE-01,17,13-05-2026,1615.65,Bengaluru
+918915761306,Harish Reddy,BLR-03,11,27-03-2026,1740.62,Indore
+917202436754,ashok naidu,BLR-02,27,27-01-2026,484.04,Hyderabad
+918852031987,Siddharth Desai,MUM-02,38,03-12-2025,1557.65,Gurugram
+918038968849,Aditya Sharma,HYD-01,2,26-12-2025,920.55,Hyderabad
+919783281669,Sushma Q.,MUM-02,35,24-05-2026,1429.45,Indore
+91-92105-68562,Tara Kumar,BLR-02,26,16-04-2026,1520.22,Jaipur
+91-98950-64586,Pratiksha B.,MUM-02,27,29-12-2025,980.05,Indore
+919713447228,geeta mehta,DEL-01,11,17-05-2026,1066.83,Delhi
+91-72867-62188,Ananya Mehta,DEL-01,11,18-01-2026,1625.89,Jaipur
+91-75423-24005,Sapna Mukherjee,CHE-01,26,07-03-2026,430.36,Kochi
+91 99880 02382,Amit B.,PUN-01,26,11-01-2026,1131.25,Chennai
+91 73561 09190,Riya Trivedi,MUM-02,23,26-03-2026,399.72,Chennai
+91 79807 78459,vinay agarwal,DEL-01,16,30-04-2026,625.71,Bengaluru
+91-79819-41725,Hemant B.,DEL-01,15,29-04-2026,837.36,Indore
+919485035198,Rahul Kapoor,DEL-02,28,01-04-2026,1761.94,Chennai
+91 78579 04124,Ananya Pillai,CHE-01,33,23-12-2025,539.64,Chandigarh
+91 79443 76104,Mohan Kumar,DEL-01,26,08-06-2026,166.47,Chennai
+91 81872 31656,Ashok Ahmed,PUN-01,14,15-05-2026,591.93,Kolkata
+91 93939 20846,Hemant Ahmed,DEL-01,15,05-12-2025,1786.64,Chennai
+91 86880 53728,Pranav Iyer,BLR-01,16,30-03-2026,213.66,Chandigarh
+91 97452 98953,Trisha Sharma,BLR-02,22,26-04-2026,1589.35,Indore
+919727580980,nisha krishnan,PUN-01,4,09-03-2026,726.74,Pune
+919617506989,Sonia Chatterjee,CHE-01,28,01-03-2026,905.44,Noida
+91-78637-96933,Rohan Pandey,BLR-02,16,01-03-2026,1306.9,Hyderabad
+918178838138,sanjay bhat,DEL-01,17,02-02-2026,1192.35,Hyderabad
+91 94704 14538,Latha Sen,CHE-01,23,23-11-2025,931.35,Indore
+91 72117 75523,Gaurav Desai,BLR-01,22,04-05-2026,577.59,Indore
+91-79906-44455,Rahul Roy,DEL-01,16,22-05-2026,1298.62,Noida
+917750658433,Kunal B.,DEL-01,37,13-12-2025,725.57,Pune
+91-75235-99212,Kunal Hussain,BLR-01,38,31-05-2026,1664.32,Indore
+917738989732,A. Sharma,HYD-01,15,10-04-2026,1619.99,Mumbai
+91 73851 38553,madhuri choudhary,BLR-02,24,28-02-2026,465.94,Ahmedabad
+91-82858-49087,Ashok Khan,MUM-02,28,23-04-2026,1022.57,Gurugram
+91 76849 66861,Yash Joshi,DEL-02,17,17-03-2026,1156.61,Indore
+918465480555,H. Reddy,DEL-01,23,06-03-2026,714.56,Delhi
+91 71939 95658,Meera Choudhary,MUM-01,40,05-05-2026,1573.32,Surat
+91 72653 32548,Sandeep Sen,BLR-02,35,09-04-2026,1062.39,Hyderabad
+91 77709 99741,Anjali Nair,MUM-01,6,20-12-2025,1475.57,Bengaluru
+91-79906-53726,Tanya Qureshi,DEL-01,13,21-11-2025,1760.9,Pune
+91 83841 13379,Rohan Krishnan,BLR-01,19,04-03-2026,1201.61,Gurugram
+919143235489,sapna krishnan,BLR-03,10,10-05-2026,1755.04,Chandigarh
+91-92345-57403,Karthik Bansal,BLR-01,32,27-11-2025,1052.3,Ahmedabad
+919705120293,Trisha Banerjee,DEL-02,11,05-05-2026,545.3,Jaipur
+91-95183-98480,Nisha Ahmed,DEL-02,25,12-01-2026,750.92,Ahmedabad
+91-90744-24156,Pranav Pillai,CHE-01,19,11-01-2026,802.0,Surat
+918463627393,Anjali Bhat,DEL-01,40,05-02-2026,358.26,Surat
+91 86898 42661,Mahesh Reddy,BLR-02,40,29-05-2026,465.21,Surat
+91-86512-29320,Rashmi Mukherjee,BLR-01,22,17-12-2025,1042.79,Mumbai
+91 77978 35130,Anjali Malhotra,MUM-01,26,08-01-2026,927.81,Gurugram
+91 77972 13883,Mahesh R.,PUN-01,24,19-01-2026,1503.75,Gurugram
+91-89129-20003,Kunal Pillai,DEL-01,33,02-05-2026,1262.66,Hyderabad
+91-93200-38657,Pooja Yadav,CHE-01,33,14-04-2026,1706.08,Chennai
+91 88221 95970,S. Rao,DEL-02,22,18-04-2026,818.33,Gurugram
+918082840832,Pallavi Chatterjee,CHE-01,18,20-03-2026,990.93,Chennai
+919302984809,Divya Kapoor,DEL-02,23,23-11-2025,1327.0,Chandigarh
+917593651849,S. Ahmed,DEL-02,5,06-03-2026,1326.61,Noida
+919482971397,Priya Iyer,MUM-02,6,29-12-2025,1650.38,Hyderabad
+91 95975 17824,ayesha shah,MUM-01,31,17-12-2025,1344.3,Mumbai
+91-79249-25230,Ashok Bose,MUM-02,28,24-02-2026,468.99,Kochi
+91-72370-33814,Pratiksha Choudhary,BLR-03,10,02-01-2026,981.56,Hyderabad
+917786934414,imran nair,BLR-03,4,25-12-2025,1754.12,Chandigarh
+91 89964 38468,A. Reddy,BLR-03,19,02-05-2026,1264.73,Delhi
+91 75875 25174,H. Reddy,MUM-02,8,07-05-2026,180.3,Bengaluru
+91-82616-20134,pranav kapoor,BLR-01,39,20-01-2026,1376.36,Chennai
+919478751828,Faisal Sheikh,DEL-01,1,05-06-2026,716.94,Kochi
+91-85947-80697,Ananya Verma,MUM-01,12,20-01-2026,823.63,Kolkata
+91 82765 16434,Nisha S.,BLR-01,12,26-12-2025,1139.42,Kolkata
+91-85434-58257,Smita Agarwal,BLR-02,29,12-02-2026,1643.56,Delhi
+91-87246-16606,Kiran K.,DEL-01,22,21-03-2026,1186.8,Bengaluru
+91-84712-32359,Ishita Kumar,DEL-02,10,22-11-2025,250.13,Pune
+91-81210-61393,Sushma Saxena,BLR-03,26,24-04-2026,942.1,Jaipur
+919032641039,Latha A.,BLR-03,29,16-04-2026,1221.1,Indore
+91-72437-32293,ishita roy,BLR-01,14,11-02-2026,1008.49,Delhi
+91 93093 45471,Sushma Subramanian,PUN-01,15,09-02-2026,712.67,Kochi
+91-88704-06607,meera agarwal,BLR-01,8,28-03-2026,356.13,Surat
+918046234811,Aliya Mishra,MUM-02,23,15-12-2025,1770.96,Gurugram
+91-89234-38529,Megha Iyer,BLR-03,7,25-01-2026,658.76,Jaipur
+918274647748,Pallavi Patel,MUM-02,35,25-12-2025,317.47,Delhi
+918320034991,Kavya Naidu,DEL-01,27,17-01-2026,1389.95,Chandigarh
+91 85649 44890,Priya Khanna,BLR-03,1,09-03-2026,217.95,Chandigarh
+91 72762 92592,A. Kapoor,BLR-01,11,01-02-2026,1293.49,Kolkata
+91 71979 22268,Pallavi Bose,MUM-01,4,02-04-2026,1337.16,Surat
+91 89093 80516,Pranav Mishra,MUM-01,23,26-04-2026,1032.3,Surat
+91-81672-33570,Harish Bose,PUN-01,34,15-03-2026,616.38,Chandigarh
+919347743733,Bhavana Ahmed,BLR-01,32,12-05-2026,545.98,Chennai
+917242393109,Tara Choudhary,MUM-01,19,21-12-2025,1239.62,Noida
+91-96609-31597,Mahesh Trivedi,HYD-01,17,31-01-2026,1079.34,Chandigarh
+919518859119,A. Das,DEL-01,11,21-02-2026,1642.19,Kolkata
+918316718449,Tarun Pandey,HYD-01,7,21-01-2026,1493.59,Chandigarh
+91-79345-25437,Varun Sen,BLR-01,30,17-01-2026,1463.1,Surat
+91 93434 52108,Abhishek Sharma,MUM-01,5,20-05-2026,285.89,Chandigarh
+919790813784,Karthik A.,DEL-02,24,19-05-2026,1356.73,Delhi
+917917063492,Akash N.,BLR-01,30,01-06-2026,1755.79,Ahmedabad
+917766484344,Ayesha Tiwari,MUM-01,19,20-02-2026,1229.3,Jaipur
+918254168097,Kavya Malhotra,MUM-02,2,04-02-2026,1529.65,Pune
+91 80036 73648,Smita D.,BLR-02,1,05-02-2026,951.36,Surat
+91-85942-87162,Aliya Roy,PUN-01,3,31-05-2026,606.96,Surat
+91 72600 08231,Anjali Joshi,BLR-01,35,09-12-2025,1470.01,Bengaluru
+91 76471 15702,Manish N.,BLR-01,20,02-12-2025,1511.94,Bengaluru
+91 76052 01001,Kunal Saxena,BLR-03,18,21-11-2025,1619.4,Chandigarh
+91-72320-40382,Shreya Menon,DEL-01,21,04-02-2026,1730.68,Bengaluru
+919718730533,Madhuri Qureshi,MUM-01,20,24-05-2026,1721.17,Ahmedabad
+917796502788,Nikhil Shah,BLR-02,25,04-06-2026,1467.32,Kolkata
+91 93588 46503,divya naidu,MUM-02,2,16-03-2026,926.43,Pune
+91 75935 43988,Kiran Desai,BLR-02,36,31-12-2025,820.51,Hyderabad
+91-93695-90082,Swati Verma,BLR-03,12,18-05-2026,1210.31,Hyderabad
+91-94215-68123,Madhuri Sharma,BLR-02,33,30-03-2026,1185.17,Bengaluru
+91-90581-99059,Mohan Krishnan,DEL-02,16,21-04-2026,298.63,Bengaluru
+91-98071-11960,Varun Kapoor,MUM-02,37,28-01-2026,1737.11,Mumbai
+918630058000,A. Pillai,MUM-01,26,23-12-2025,1751.95,Chandigarh
+917114821079,Sneha P.,PUN-01,34,09-05-2026,814.64,Chandigarh
+91-94667-65598,Rohan Yadav,MUM-02,30,27-12-2025,1159.11,Surat
+919877203200,kunal sen,DEL-02,15,07-06-2026,408.19,Hyderabad
+918218387765,R. Saxena,HYD-01,29,30-11-2025,958.61,Surat
+91-97976-05900,Vikram Qureshi,PUN-01,18,10-02-2026,776.67,Pune
+919239537828,T. Roy,DEL-02,35,17-01-2026,563.11,Kolkata
+91-93137-16328,M. Verma,BLR-03,37,27-05-2026,1168.12,Pune
+919841089323,Meera Trivedi,BLR-03,18,21-12-2025,1690.12,Delhi
+91 89585 13815,rekha pillai,MUM-02,33,10-12-2025,1249.61,Chandigarh
+91-80095-99949,Ananya Desai,BLR-03,28,25-03-2026,508.16,Noida
+917679181798,D. Bansal,PUN-01,17,27-01-2026,1021.9,Delhi
+91 97267 69189,Sneha Naidu,MUM-02,15,03-12-2025,318.43,Noida
+917343265963,Varun M.,BLR-01,36,03-12-2025,1344.41,Jaipur
+919386568623,Komal Subramanian,PUN-01,6,29-12-2025,652.82,Noida
+918604490567,B. Krishnan,MUM-01,34,14-03-2026,1220.66,Kolkata
+91 83551 09214,V. Sen,DEL-02,17,12-02-2026,561.9,Indore
+91 99287 26811,Tarun Pandey,PUN-01,35,11-05-2026,881.4,Kolkata
+91-80164-88636,Saurabh Qureshi,BLR-03,34,24-02-2026,300.22,Chandigarh
+91 79920 07941,A. Patel,HYD-01,14,13-05-2026,706.44,Pune
+91 75864 63859,Nikhil Ali,DEL-02,37,15-05-2026,575.9,Indore
+91 70745 53907,Anjali Bose,DEL-01,23,25-04-2026,1415.1,Gurugram
+91-83497-44197,Riya Patel,BLR-01,14,09-03-2026,1015.23,Mumbai
+918021790684,J. Iyer,BLR-03,30,14-04-2026,1080.2,Delhi
+91-76915-86637,Pranav Naidu,MUM-01,3,15-02-2026,1402.94,Hyderabad
+91 93892 29872,M. Yadav,HYD-01,9,10-01-2026,1664.88,Delhi
+919721995178,Swati Hussain,PUN-01,13,28-03-2026,1667.1,Surat
+91-73712-70876,smita agarwal,DEL-01,20,02-01-2026,1279.95,Hyderabad
+91-88945-56896,Riya P.,HYD-01,15,10-03-2026,208.2,Pune
+919355290233,Vikram Banerjee,HYD-01,29,17-03-2026,1417.77,Chandigarh
+91 85026 96447,omar desai,BLR-01,40,04-12-2025,236.34,Chandigarh
+91 72601 02749,Nikhil Saxena,BLR-01,17,15-02-2026,1187.94,Chandigarh
+918936523081,Geeta Joshi,CHE-01,9,19-02-2026,1510.79,Mumbai
+91-81685-47694,Varun Mehta,BLR-02,13,03-12-2025,742.53,Hyderabad
+918407929112,R. Sheikh,DEL-02,21,25-04-2026,492.42,Surat
+91-78764-84540,manish pillai,HYD-01,31,14-04-2026,1508.29,Kolkata
+91-73626-08367,Tarun Das,CHE-01,5,31-12-2025,211.96,Pune
+91-77383-83899,Naveen S.,BLR-03,4,03-04-2026,757.02,Chandigarh
+919481304247,Pranav S.,PUN-01,1,22-03-2026,393.53,Kolkata
+918159682852,Tarun Naidu,BLR-02,9,24-01-2026,825.09,Gurugram
+91 95687 14043,Kiran Bansal,MUM-01,1,02-06-2026,316.11,Hyderabad
+91-82761-37782,Kunal Sen,BLR-01,6,15-05-2026,822.93,Surat
+91-73430-94339,Vikram Rao,BLR-02,9,22-03-2026,626.08,Indore
+91 71602 80844,A. Choudhary,MUM-01,21,28-03-2026,366.23,Kochi
+91-91149-84850,Ananya Pandey,PUN-01,40,25-05-2026,761.58,Chennai
+91-85813-65588,Mohan Bose,PUN-01,30,26-05-2026,680.67,Chennai
+91-97324-16762,Siddharth Qureshi,DEL-02,25,26-11-2025,947.05,Noida
+917741069139,Saurabh D.,DEL-02,35,19-03-2026,569.44,Kochi
+919025694661,Anjali Gupta,MUM-01,5,06-01-2026,1421.01,Pune
+91-93981-73478,tara tiwari,CHE-01,8,24-11-2025,205.98,Bengaluru
+91-87508-84829,Ananya Ahmed,MUM-02,25,06-12-2025,232.58,Chennai
+91-79826-66424,Nitin Gupta,BLR-02,32,01-05-2026,1722.01,Noida
+91 80601 98586,Pranav Khanna,BLR-01,21,23-03-2026,259.31,Kochi
+91-99894-73394,Nitin Sen,BLR-02,3,30-11-2025,731.96,Indore
+91-83618-82852,rekha patel,PUN-01,6,15-12-2025,284.02,Gurugram
+917164429261,Smita Saxena,PUN-01,14,15-12-2025,1665.94,Kochi
+919938888072,Shreya Yadav,CHE-01,4,24-11-2025,1254.07,Delhi
+918066364534,anil das,MUM-01,26,12-05-2026,1416.51,Kolkata
+918248602969,Tara Yadav,DEL-02,26,14-05-2026,1295.81,Indore
+919852751821,Komal Ali,PUN-01,25,10-03-2026,161.44,Mumbai
+919741250452,Ishita Bose,MUM-01,15,08-12-2025,186.37,Noida
+91 93383 87486,Bhavana Agarwal,BLR-03,2,07-06-2026,1319.85,Pune
+91-85180-38818,Rakesh Naidu,DEL-02,1,29-12-2025,1027.31,Pune
+917572761906,K. Yadav,MUM-01,10,09-01-2026,1241.55,Noida
+91 71218 91845,Kunal Bansal,PUN-01,30,25-02-2026,1317.44,Noida
+917920970782,Bhavana S.,HYD-01,8,12-12-2025,1535.27,Chennai
+91-77675-04995,sapna naidu,MUM-02,38,03-12-2025,1033.61,Ahmedabad
+91-95381-76029,Trisha M.,CHE-01,23,11-05-2026,1197.4,Bengaluru
+917983335882,Megha Yadav,CHE-01,14,21-03-2026,609.15,Noida
+917529824327,H. Saxena,DEL-02,31,16-03-2026,255.09,Indore
+91 78889 51788,sanjay chatterjee,DEL-02,2,12-04-2026,643.64,Pune
+91-92635-36872,Anil Mukherjee,BLR-02,23,01-02-2026,590.65,Surat
+91 94304 95262,nikhil bhat,CHE-01,12,26-04-2026,1564.49,Delhi
+91 78468 35275,Tara Gupta,BLR-02,35,15-01-2026,682.55,Noida
+91 99678 50514,Smita Sheikh,MUM-01,37,24-05-2026,1397.89,Noida
+91 92575 36682,Tara Kumar,BLR-03,27,05-06-2026,1116.14,Jaipur
+91-90796-70361,N. Joshi,DEL-02,37,19-12-2025,1627.46,Pune
+91-75121-39829,Ishita K.,HYD-01,6,15-03-2026,446.4,Ahmedabad
+91-94971-28366,S. Sharma,BLR-01,30,13-12-2025,205.07,Chennai
+919814216660,Ayesha Ali,BLR-03,27,02-04-2026,797.99,Pune
+917199199051,Kavya Nair,BLR-01,17,20-12-2025,683.65,Hyderabad
+91 76327 25833,Sonia Mishra,BLR-02,17,14-05-2026,1447.98,Surat
+91-80620-35324,Sanjay Iyer,BLR-03,33,19-12-2025,160.64,Kolkata
+91 85153 99078,Aishwarya Bansal,BLR-03,2,13-01-2026,1106.56,Gurugram
+91-75692-58312,Rohan A.,PUN-01,30,17-12-2025,1105.82,Hyderabad
+917529102461,Aishwarya Mehta,DEL-02,30,10-12-2025,644.78,Chennai
+91 75759 82448,Aishwarya H.,HYD-01,25,21-11-2025,903.85,Indore
+917800880720,Karthik P.,BLR-02,18,04-05-2026,1654.21,Gurugram
+91-83532-03167,Naveen Pandey,HYD-01,12,06-04-2026,1354.35,Jaipur
+918195684394,komal verma,DEL-01,24,18-04-2026,836.93,Mumbai
+91-95244-01574,rahul joshi,DEL-02,39,04-03-2026,639.18,Gurugram
+91 81296 90690,Yash Agarwal,DEL-01,32,06-05-2026,1454.35,Pune
+917434157436,Neha Ahmed,DEL-01,25,13-02-2026,1256.27,Noida
+919397411899,Vinay Khan,BLR-01,19,28-04-2026,628.04,Chandigarh
+91 94027 47909,Latha K.,MUM-02,21,12-02-2026,1496.79,Jaipur
+91-80774-08045,Pallavi Bose,PUN-01,9,05-02-2026,744.88,Chandigarh
+91 70523 26119,P. Das,DEL-01,37,11-12-2025,314.83,Bengaluru
+919669015831,Amit Qureshi,HYD-01,35,18-02-2026,1270.43,Jaipur
+91 92915 63587,Saurabh B.,BLR-03,32,17-04-2026,1071.07,Kolkata
+91-80364-19390,Rekha Mehta,MUM-02,37,07-12-2025,304.82,Gurugram
+91-91173-96742,Aliya Sen,MUM-01,27,30-04-2026,421.69,Chennai
+91 99156 37508,Kiran Banerjee,HYD-01,7,24-03-2026,438.14,Bengaluru
+91-80665-02607,Sneha Saxena,HYD-01,14,29-11-2025,1131.79,Pune
+918877201711,Meera Patel,MUM-01,36,12-03-2026,481.71,Surat
+91-76062-90004,Kiran Bansal,DEL-02,16,25-05-2026,1176.72,Pune
+917616338345,anil chatterjee,PUN-01,7,07-12-2025,1193.31,Indore
+919423727836,Megha Mukherjee,MUM-01,21,20-12-2025,1687.73,Kolkata
+918146254188,Anjali Menon,DEL-01,23,18-01-2026,1508.88,Pune
+91 81096 42196,Pallavi Naidu,HYD-01,32,05-02-2026,954.65,Kolkata
+91 92822 82196,Nisha Banerjee,DEL-02,5,09-02-2026,599.35,Mumbai
+91-77926-01051,P. Shah,BLR-03,9,29-05-2026,1721.52,Noida
+91 85097 44484,Rekha Mukherjee,BLR-01,4,19-01-2026,1186.85,Surat
+918475609060,Ishita Kumar,BLR-01,38,18-01-2026,1494.8,Bengaluru
+917923006534,N. Chatterjee,MUM-02,22,14-02-2026,1604.27,Ahmedabad
+91-70785-25441,Smita Sheikh,BLR-03,27,22-03-2026,549.31,Jaipur
+917387018392,Tara Patel,DEL-02,33,23-05-2026,1455.88,Kochi
+91 98984 07703,Nitin Mehta,DEL-02,39,16-03-2026,1380.9,Kochi
+917428822432,rekha subramanian,DEL-01,9,01-02-2026,1150.71,Gurugram
+91 72190 03978,Rohan Malhotra,PUN-01,5,24-12-2025,955.32,Mumbai
+91-93806-73025,A. Pillai,BLR-03,24,04-02-2026,448.51,Delhi
+917448754535,Neha K.,HYD-01,6,13-01-2026,1647.22,Hyderabad
+918171945659,Lakshmi Mehta,BLR-02,13,14-12-2025,930.04,Kochi
+91-97100-51736,rohan ali,PUN-01,39,15-12-2025,1029.36,Delhi
+91 78245 04526,N. Mehta,BLR-01,36,23-03-2026,950.78,Noida
+91-92178-66467,Nisha Hussain,MUM-02,8,02-03-2026,1624.72,Surat
+919024418805,Rohit Pandey,MUM-01,9,26-02-2026,1394.7,Delhi
+919374260897,Sonia Ahmed,MUM-01,10,21-01-2026,607.63,Kolkata
+919522210250,Bhavana C.,BLR-02,19,13-12-2025,1001.18,Delhi
+91-72957-26655,Lakshmi T.,BLR-02,38,26-05-2026,733.57,Indore
+918238431322,Rakesh Hussain,HYD-01,15,14-12-2025,1428.74,Indore
+91-74551-70142,kiran mishra,PUN-01,6,12-03-2026,844.98,Jaipur
+917218750983,Arjun Trivedi,BLR-01,36,05-04-2026,1465.93,Hyderabad
+91-88252-41835,Saurabh Reddy,PUN-01,17,21-02-2026,1223.42,Surat
+91 92061 74908,shreya qureshi,BLR-01,32,09-05-2026,483.44,Mumbai
+91-98146-24599,Mohan Subramanian,BLR-03,39,16-05-2026,580.87,Noida
+919960587161,divya patel,DEL-01,9,19-03-2026,1534.1,Kolkata
+917078041777,Varun Desai,PUN-01,28,29-04-2026,1285.73,Surat
+91-78989-03727,Meera Agarwal,PUN-01,10,24-12-2025,321.85,Delhi
+918448701327,Aarti Bose,HYD-01,9,27-03-2026,233.57,Kochi
+91 71488 41148,Suresh Banerjee,BLR-03,20,19-01-2026,1591.37,Chandigarh
+917001192373,Aditya Pillai,DEL-01,38,14-02-2026,245.06,Bengaluru
+91-75807-01874,D. Mukherjee,BLR-02,10,30-05-2026,185.85,Kolkata
+919652522483,megha kumar,CHE-01,5,05-03-2026,634.05,Chennai
+918935682685,Ritu Y.,MUM-01,32,29-03-2026,1112.93,Chandigarh
+91-92958-60260,Sapna S.,MUM-01,24,27-01-2026,552.79,Surat
+917546041502,Imran Choudhary,DEL-02,22,06-05-2026,1301.73,Jaipur
+91-73732-13569,divya pandey,MUM-01,26,26-11-2025,1468.37,Delhi
+91 80885 96313,Naveen N.,DEL-01,15,02-06-2026,1380.81,Delhi
+917548025846,vinay joshi,HYD-01,31,17-12-2025,254.43,Kochi
+917156841310,Zara Bhat,DEL-01,13,27-04-2026,1564.11,Hyderabad
+91-83979-17344,Pooja Tiwari,MUM-01,29,07-01-2026,508.45,Mumbai
+91 82918 42564,Sandeep Kapoor,HYD-01,34,24-01-2026,1111.88,Jaipur
+918184990185,rekha chatterjee,DEL-01,1,28-05-2026,1034.24,Chennai
+91-81346-85493,A. Naidu,DEL-01,7,25-04-2026,1134.06,Mumbai
+917702663659,Hemant Khanna,HYD-01,35,18-12-2025,1111.52,Jaipur
+91-81185-80428,R. Saxena,HYD-01,15,12-12-2025,802.72,Kolkata
+919887966672,Riya Naidu,MUM-02,26,26-12-2025,971.45,Chennai
+919648391945,Rekha T.,HYD-01,40,16-01-2026,1584.24,Bengaluru
+919914062364,Mohan Mishra,BLR-01,38,08-03-2026,303.77,Bengaluru
+91 93184 64262,priya rao,MUM-01,29,18-01-2026,715.94,Chandigarh
+91 96286 10988,Karthik Sheikh,MUM-01,30,30-03-2026,604.07,Kochi
+91 99115 85606,Rajesh Mukherjee,DEL-02,2,21-04-2026,207.58,Kochi
+91 93185 69446,Riya C.,PUN-01,15,02-01-2026,1111.62,Delhi
+91 91559 86288,Varun Rao,BLR-01,6,19-12-2025,603.58,Gurugram
+91-79069-87862,Sapna K.,BLR-02,15,29-03-2026,1043.45,Chandigarh
+919287946715,Rakesh P.,DEL-02,14,22-01-2026,500.53,Delhi
+918491859519,Sapna Choudhary,DEL-02,39,09-04-2026,1775.19,Bengaluru
+91 98131 39411,Neha Kapoor,PUN-01,27,22-12-2025,1508.37,Kolkata
+91 71217 78266,Megha Verma,CHE-01,28,01-05-2026,930.62,Jaipur
+918395070711,Shreya Gupta,MUM-01,29,05-03-2026,414.89,Ahmedabad
+917990366381,Sanjay Menon,HYD-01,3,23-03-2026,1340.43,Hyderabad
+918102480852,Pratiksha Banerjee,HYD-01,32,29-03-2026,983.01,Kochi
+919440219234,akash ali,HYD-01,22,08-02-2026,1098.89,Pune
+91 71592 96740,Sanjay Roy,BLR-01,36,13-01-2026,1332.5,Noida
+91 94951 89359,Prakash Das,PUN-01,17,03-05-2026,1595.88,Pune
+91 76975 05974,Tanya Ali,PUN-01,39,30-11-2025,334.76,Jaipur
+91-99158-68603,Anjali Patel,MUM-01,30,24-11-2025,789.92,Delhi
+91 90565 62313,Sushma R.,HYD-01,22,29-04-2026,405.41,Surat
+91-97220-01473,Ananya Choudhary,BLR-01,33,28-11-2025,727.56,Kochi
+917207365304,Naveen Kumar,HYD-01,13,15-02-2026,552.52,Ahmedabad
+91 85891 69943,divya choudhary,MUM-02,5,10-02-2026,1214.96,Surat
+91 90030 76542,Bhavana Verma,BLR-02,27,04-06-2026,748.71,Chennai
+918037420391,Lakshmi Mukherjee,MUM-01,3,10-12-2025,305.3,Indore
+91 87890 51215,Mahesh Pandey,CHE-01,16,18-01-2026,1529.43,Delhi
+91-78738-91000,Bhavana Ali,BLR-02,30,04-03-2026,1663.14,Jaipur
+91-88346-60970,Rahul Bhat,MUM-01,3,19-03-2026,1622.19,Gurugram
+91-98592-72990,Megha Krishnan,BLR-03,39,25-02-2026,1520.5,Surat
+91 86854 25264,Lakshmi Khanna,BLR-01,28,27-05-2026,412.59,Kolkata
+919071089996,Pooja Pillai,BLR-03,25,20-02-2026,1650.3,Delhi
+917357506994,aliya sen,BLR-02,25,03-04-2026,245.42,Gurugram
+917967997264,Siddharth Tiwari,DEL-02,24,26-11-2025,1368.11,Surat
+919000497238,Trisha T.,MUM-01,40,23-12-2025,1164.89,Noida
+91 75376 84814,Pallavi M.,BLR-03,23,09-01-2026,1724.86,Gurugram
+91 77241 87394,Yash Qureshi,MUM-01,24,14-02-2026,1135.56,Hyderabad
+917708362988,Rakesh Joshi,BLR-03,18,13-01-2026,944.75,Bengaluru
+91-76013-80590,kiran yadav,BLR-01,7,22-03-2026,355.52,Indore
+919747612228,R. Nair,MUM-02,10,06-03-2026,1063.14,Pune
+91-87039-29612,geeta verma,BLR-03,29,01-05-2026,578.16,Kochi
+91 79218 73682,Deepak Joshi,BLR-03,10,16-02-2026,1202.78,Chennai
+917527913332,Y. Subramanian,MUM-01,38,29-03-2026,780.89,Pune
+918634169690,Mohan Krishnan,CHE-01,15,11-01-2026,639.83,Surat
+91 81578 50631,Omar Saxena,MUM-02,13,14-05-2026,446.18,Kochi
+917909007300,Madhuri Roy,DEL-02,23,20-01-2026,792.92,Jaipur
+91-86620-66063,Aarti Nair,MUM-02,36,10-04-2026,197.02,Delhi
+91-96133-02280,Gaurav Bhat,CHE-01,7,04-05-2026,1493.71,Kochi
+917504031224,Varun Subramanian,HYD-01,7,01-01-2026,1170.54,Bengaluru
+919897380856,Aliya Das,BLR-02,32,13-01-2026,831.21,Kochi
+91-93904-25172,Divya Saxena,CHE-01,28,15-04-2026,1052.11,Chandigarh
+91 95433 32049,Rohan Krishnan,PUN-01,17,12-03-2026,353.19,Hyderabad
+918946513393,Aishwarya Sharma,HYD-01,21,01-12-2025,1371.47,Ahmedabad
+918775093116,Tarun Pandey,PUN-01,10,01-04-2026,1002.11,Indore
+91 95467 21845,Sonia Iyer,MUM-01,10,22-03-2026,647.66,Kolkata
+917996718107,Rakesh Joshi,DEL-02,9,20-02-2026,709.68,Chandigarh
+91 90665 92166,Deepak Bhat,CHE-01,23,31-03-2026,290.48,Indore
+91-80045-57360,Ayesha S.,BLR-02,8,14-02-2026,1642.68,Kolkata
+917422650731,H. Joshi,PUN-01,1,15-05-2026,891.33,Mumbai
+919121431917,A. Qureshi,BLR-02,7,08-03-2026,1217.72,Mumbai
+919841559797,Rashmi Yadav,BLR-03,36,30-12-2025,1459.49,Bengaluru
+91-71030-53483,Rekha Mehta,HYD-01,1,06-02-2026,1453.81,Chennai
+91 70213 02155,Rohit Pillai,PUN-01,38,21-02-2026,825.78,Chennai
+91-77978-79207,Saurabh Sen,HYD-01,1,16-04-2026,619.98,Mumbai
+91 73351 09081,Saurabh Tiwari,DEL-02,37,21-05-2026,1434.88,Delhi
+91-96758-85480,Gaurav N.,MUM-02,35,19-12-2025,666.78,Ahmedabad
+917840447155,Kunal Yadav,DEL-02,38,07-06-2026,653.9,Surat
+91 97642 31210,Sapna Agarwal,DEL-01,19,02-12-2025,392.99,Chennai
+91 73671 02407,Yash Banerjee,BLR-02,27,04-05-2026,1562.02,Ahmedabad
+918361631680,Ritu Mukherjee,PUN-01,27,16-03-2026,722.44,Chandigarh
+918636998559,Amit Singh,BLR-02,7,25-01-2026,172.28,Chennai
+918617419199,trisha joshi,MUM-01,7,31-05-2026,1243.3,Chandigarh
+91-81597-96218,Karthik Pillai,CHE-01,24,19-05-2026,498.5,Delhi
+918920607398,A. Das,CHE-01,7,13-12-2025,235.87,Surat
+919567183448,S. Ahmed,MUM-01,40,04-02-2026,558.79,Delhi
+917096759726,Akash P.,MUM-01,6,07-03-2026,1632.37,Mumbai
+91-97377-92982,Megha Agarwal,BLR-01,27,24-03-2026,605.7,Ahmedabad
+91-73147-80673,Pratiksha Qureshi,BLR-02,32,12-01-2026,1724.25,Hyderabad
+91 71285 55276,Trisha Krishnan,BLR-03,36,26-01-2026,1036.23,Hyderabad
+918744209682,Rajesh B.,MUM-01,20,27-11-2025,1197.51,Pune
+91 95393 82276,Vinay Kumar,MUM-01,18,28-03-2026,1246.36,Delhi
+917953325058,Vikram T.,PUN-01,25,09-04-2026,391.5,Surat
+91 95079 48816,ananya roy,BLR-02,27,05-12-2025,1280.12,Gurugram
+91 75258 96161,Prakash Patel,CHE-01,29,22-11-2025,621.58,Surat
+917591086485,Latha Naidu,BLR-02,9,06-03-2026,1284.86,Bengaluru
+917980976577,Tanya A.,HYD-01,11,27-02-2026,927.93,Jaipur
+91-94837-07800,hemant khan,BLR-03,17,17-01-2026,1659.71,Mumbai
+919572744280,Pratiksha Naidu,BLR-02,11,08-01-2026,1209.02,Pune
+91-77407-75601,Nitin Reddy,DEL-01,37,13-03-2026,1444.03,Jaipur
+91-80993-73430,Aishwarya P.,DEL-01,24,31-05-2026,304.78,Bengaluru
+91 96624 54516,abhishek agarwal,DEL-02,5,14-03-2026,821.98,Kolkata
+91 97973 70107,Suresh Trivedi,MUM-02,27,05-04-2026,579.49,Noida
+91 73543 75938,Hemant M.,BLR-03,14,23-01-2026,874.55,Jaipur
+91-90993-29530,Neha Sheikh,CHE-01,16,25-12-2025,540.41,Noida
+91-90846-85733,Imran Saxena,BLR-03,21,05-06-2026,568.42,Surat
+91 75586 31050,priya verma,BLR-02,35,22-03-2026,621.07,Kochi
+91-77948-68485,Asha Tiwari,HYD-01,2,27-04-2026,304.96,Delhi
+91-75401-16470,Karthik Ali,HYD-01,3,30-03-2026,868.56,Kochi
+91 83146 26212,R. Bose,BLR-02,20,08-05-2026,1379.22,Chennai
+91 75693 82388,Akash Pandey,CHE-01,39,29-04-2026,1118.68,Kochi
+91 80354 12992,P. Banerjee,BLR-02,10,26-02-2026,1663.53,Gurugram
+91 78014 92394,pratiksha khanna,BLR-02,4,27-03-2026,1477.77,Indore
+917564706986,Asha Iyer,BLR-02,8,16-12-2025,1080.36,Gurugram
+918317229992,Anjali K.,DEL-02,4,21-02-2026,521.16,Gurugram
+918597578046,S. Hussain,MUM-01,9,24-04-2026,881.86,Chandigarh
+91-83045-31346,Prakash Hussain,BLR-01,11,23-11-2025,1531.34,Indore
+91 91092 12258,Zara Naidu,DEL-02,31,20-04-2026,169.57,Pune
+91-77071-37991,Tara Desai,BLR-03,11,04-02-2026,1777.71,Kolkata
+91 98615 01532,Sapna Sharma,BLR-02,34,03-04-2026,379.55,Indore
+91-82076-57268,Vinay Trivedi,BLR-01,10,15-12-2025,1192.64,Hyderabad
+91 81642 33388,zara nair,MUM-01,4,07-06-2026,1338.33,Mumbai
+91 85979 30519,Riya Shah,BLR-01,11,14-05-2026,1428.93,Chennai
+917954021247,meera tiwari,DEL-01,21,14-04-2026,1214.89,Surat
+91 97338 00676,Tarun Reddy,MUM-02,16,31-03-2026,1061.07,Indore
+91-98159-09317,R. Kapoor,CHE-01,2,24-11-2025,1127.36,Chennai
+91-71471-34317,harish saxena,DEL-02,18,30-03-2026,222.85,Delhi
+917587768945,rajesh khanna,DEL-01,32,22-01-2026,1060.04,Delhi
+91 96619 13565,Tara Khan,BLR-03,40,28-04-2026,1768.72,Gurugram
+918025277936,Smita Pillai,BLR-03,34,27-05-2026,641.58,Jaipur
+91 93928 71250,Deepak Agarwal,PUN-01,24,10-05-2026,1133.76,Mumbai
+91 86705 35054,Rashmi Reddy,BLR-03,26,08-03-2026,780.59,Surat
+919116940178,Aishwarya Yadav,BLR-03,14,31-03-2026,1741.75,Pune
+91-72275-74667,Siddharth B.,DEL-02,23,07-12-2025,1366.84,Jaipur
+91-72310-80070,priya kumar,CHE-01,3,04-12-2025,462.27,Ahmedabad
+91 74241 33469,V. Iyer,BLR-02,29,12-05-2026,322.0,Jaipur
+91 84279 84089,aishwarya choudhary,BLR-02,20,05-05-2026,1098.35,Jaipur
+919535223791,Deepak Gupta,MUM-02,18,03-02-2026,426.47,Chandigarh
+91 96112 38652,Sanjay Kumar,DEL-01,13,15-04-2026,430.65,Chandigarh
+919476143267,Megha Desai,HYD-01,8,19-01-2026,182.75,Gurugram
+91-91640-06911,Swati B.,DEL-02,3,24-04-2026,750.11,Bengaluru
+91 98733 15835,Karthik Sen,PUN-01,18,09-12-2025,1020.86,Chennai
+91-77532-60786,rakesh ahmed,BLR-02,33,10-12-2025,977.07,Kochi
+91 99074 10264,Sandeep Qureshi,MUM-02,29,01-04-2026,546.83,Kochi
+91-99579-07557,Nisha Ali,BLR-03,9,30-11-2025,669.18,Indore
+918596392814,Nikhil Mishra,DEL-01,5,27-02-2026,374.26,Pune
+91 99991 23714,P. Sheikh,MUM-01,2,12-12-2025,629.65,Jaipur
+91 97535 33549,Geeta Pandey,BLR-01,34,24-02-2026,1085.62,Chennai
+91 94314 00338,kavya singh,BLR-01,29,21-02-2026,560.15,Chandigarh
+91-80234-82651,Nikhil S.,HYD-01,25,01-04-2026,1712.39,Surat
+91 84981 87593,Akash Bansal,PUN-01,18,06-05-2026,300.01,Gurugram
+91 93715 80390,Manish Desai,MUM-02,15,03-05-2026,1340.88,Surat
+91 90841 13581,Priya Mishra,DEL-02,15,09-01-2026,1238.89,Kochi
+918352752143,Asha Joshi,DEL-02,23,19-05-2026,999.94,Hyderabad
+91 73586 47834,Ishita S.,BLR-03,33,21-02-2026,1553.94,Delhi
+91 83695 63983,Rajesh T.,PUN-01,12,17-01-2026,519.74,Pune
+91-89313-43474,sandeep saxena,MUM-02,34,23-02-2026,1328.57,Kochi
+91 84786 74613,Nisha Krishnan,MUM-02,2,07-06-2026,1464.85,Jaipur
+918431989406,A. Ahmed,CHE-01,7,28-05-2026,919.36,Kolkata
+91-91792-95045,Komal Nair,PUN-01,20,03-06-2026,1253.98,Chandigarh
+91-97497-52519,Vikram Gupta,CHE-01,11,04-01-2026,1165.02,Delhi
+91 81566 63284,Mahesh Reddy,MUM-02,18,27-02-2026,581.31,Indore
+91 89467 44699,Sapna Ahmed,BLR-02,12,31-01-2026,251.93,Delhi
+91 98988 16256,Riya Sheikh,MUM-01,29,14-01-2026,338.45,Chandigarh
+91-74205-19500,Suresh Trivedi,BLR-02,2,21-01-2026,727.72,Indore
+91 73656 39043,T. Khanna,BLR-03,39,26-02-2026,1196.05,Mumbai
+918800321765,Anil Krishnan,BLR-01,22,01-02-2026,1502.44,Chennai
+91 96007 25699,madhuri mukherjee,PUN-01,31,25-05-2026,503.15,Ahmedabad
+91 89600 20392,Sonia A.,DEL-01,35,28-02-2026,1142.19,Mumbai
+91 77685 64293,Sonia Y.,BLR-01,8,23-05-2026,724.76,Chennai
+917233269198,Priya Banerjee,BLR-01,3,13-12-2025,1528.58,Gurugram
+91 95928 26950,N. Mehta,PUN-01,25,02-03-2026,446.71,Bengaluru
+91 98754 07996,Rakesh Mishra,DEL-02,19,03-04-2026,1355.48,Chandigarh
+919742043526,Rohan H.,DEL-02,19,16-05-2026,1172.69,Kochi
+91-99122-64259,R. Krishnan,HYD-01,24,08-06-2026,933.06,Kochi
+917553750168,Sapna Shah,BLR-03,8,23-05-2026,1416.88,Jaipur
+918884986103,sneha das,CHE-01,17,12-01-2026,1684.56,Ahmedabad
+918034108691,Vinay Agarwal,BLR-03,30,08-02-2026,1555.84,Hyderabad
+91 96027 06110,M. Desai,MUM-02,4,15-02-2026,676.86,Bengaluru
+917609424015,Riya Verma,BLR-02,6,16-03-2026,687.13,Kolkata
+91-82023-73142,Sneha Pillai,BLR-02,10,25-12-2025,702.87,Indore
+91 76593 89535,Rohan Subramanian,CHE-01,5,18-05-2026,1295.88,Bengaluru
+91 85088 79907,R. Mehta,PUN-01,35,06-12-2025,695.81,Kochi
+91-80019-24015,A. Mehta,DEL-02,31,15-01-2026,1425.54,Pune
+91 76980 43031,Priya Joshi,BLR-01,19,28-02-2026,879.22,Hyderabad
+91 84265 96922,T. Kapoor,DEL-02,6,24-01-2026,650.37,Pune
+91-77654-44197,B. Ahmed,HYD-01,36,21-04-2026,532.33,Surat
+91-80262-84844,Nitin Bose,MUM-02,12,28-03-2026,1159.82,Mumbai
+918117555731,Swati Bose,DEL-02,39,23-12-2025,782.42,Indore
+91 79073 72987,Akash Menon,BLR-03,5,22-12-2025,1615.58,Kolkata
+91 99141 73752,Ananya Choudhary,CHE-01,8,02-03-2026,825.43,Jaipur
+91 86314 57488,kavya patel,BLR-03,37,06-05-2026,1137.59,Kochi
+91-81531-45628,Mohan Q.,MUM-01,31,30-05-2026,1016.19,Jaipur
+91 71252 02949,Smita B.,MUM-01,12,17-04-2026,1076.3,Delhi
+91-76762-97127,Akash Reddy,MUM-01,10,05-05-2026,252.58,Gurugram
+91 89897 05388,Rohit Bose,BLR-03,29,30-01-2026,1249.03,Noida
+91-93887-67264,Aarti M.,MUM-02,9,07-03-2026,1582.07,Chennai
+91 75695 14316,T. Choudhary,DEL-01,27,09-03-2026,273.53,Delhi
+91 91123 98022,Imran Yadav,CHE-01,32,26-12-2025,1672.16,Pune
+917843370639,Divya Qureshi,BLR-01,5,17-05-2026,253.78,Pune
+91-81976-81356,Nitin Mehta,BLR-02,6,02-05-2026,171.74,Pune
+91-77917-34592,Vikram Roy,BLR-03,10,06-06-2026,1783.09,Kolkata
+919094599329,manish mehta,MUM-01,30,09-12-2025,1622.93,Ahmedabad
+918519915748,Rakesh Rao,DEL-02,13,03-05-2026,1742.69,Delhi
+91 71895 38052,Aditya Menon,CHE-01,10,31-12-2025,797.01,Pune
+91 83962 86439,M. Bhat,PUN-01,29,27-11-2025,460.17,Noida
+91 82833 25215,Gaurav Choudhary,HYD-01,5,19-03-2026,1330.63,Ahmedabad
+917319233763,Anjali Ali,BLR-03,16,07-04-2026,1042.94,Chandigarh
+91 74503 86191,Riya Rao,MUM-01,6,22-02-2026,831.63,Hyderabad
+91-77673-13856,Sanjay R.,MUM-01,36,28-04-2026,1033.91,Hyderabad
+91-97553-72345,T. Sharma,MUM-01,25,18-02-2026,600.76,Pune
+91 72344 64435,R. Chatterjee,DEL-02,2,02-12-2025,624.37,Surat
+91 94273 68147,Akash Roy,MUM-01,32,01-01-2026,1359.04,Ahmedabad
+91-94599-87321,Sandeep Kapoor,BLR-01,33,20-02-2026,1675.49,Indore
+917730996274,Komal Hussain,BLR-02,36,29-04-2026,766.94,Gurugram
+917736462729,Riya A.,PUN-01,25,25-04-2026,1771.8,Noida
+919874949743,Sapna Chatterjee,CHE-01,29,30-04-2026,698.46,Indore
+91-76545-43891,Saurabh Khan,PUN-01,15,04-05-2026,787.78,Kolkata
+917544313461,Sneha Menon,DEL-02,13,05-05-2026,1452.44,Kochi
+918819519286,Kiran Pillai,HYD-01,19,25-11-2025,1299.87,Delhi
+91 78763 67159,Sapna Desai,CHE-01,30,12-12-2025,884.65,Mumbai
+91-75698-61931,Abhishek Bansal,CHE-01,37,26-03-2026,1157.06,Kochi
+918228052009,Arjun P.,HYD-01,31,27-04-2026,917.07,Mumbai
+918454675871,Divya S.,DEL-01,4,16-01-2026,499.74,Pune
+91 95369 16491,J. Saxena,BLR-01,22,04-06-2026,820.19,Noida
+91 82425 85689,jaya naidu,DEL-01,39,23-12-2025,1434.66,Chandigarh
+91-97984-71876,rashmi verma,PUN-01,35,14-02-2026,1329.06,Kolkata
+91-70293-72358,K. Desai,DEL-02,14,16-01-2026,963.65,Delhi
+91 96147 53446,mohan chatterjee,CHE-01,39,09-02-2026,448.78,Noida
+91-89785-40073,Naveen Sharma,BLR-01,14,09-12-2025,858.35,Mumbai
+918137792706,Rekha Qureshi,BLR-02,21,08-04-2026,1544.06,Ahmedabad
+918987629003,Faisal S.,BLR-01,9,24-01-2026,1751.84,Indore
+91-89258-29762,meera hussain,MUM-01,34,25-11-2025,1278.1,Jaipur
+91 95600 09504,Gaurav Singh,MUM-02,16,18-04-2026,675.28,Bengaluru
+91-86497-01023,A. Saxena,DEL-02,13,30-11-2025,156.67,Noida
+91-92869-12375,Priya Mehta,HYD-01,31,15-05-2026,342.03,Chandigarh
+918488273171,Z. Bose,PUN-01,30,01-12-2025,1177.72,Pune
+919253927497,Pranav C.,PUN-01,12,24-05-2026,1163.63,Delhi
+91-92181-45318,Mohan I.,PUN-01,19,12-02-2026,1740.59,Jaipur
+919953287732,A. Shah,DEL-02,40,09-12-2025,1692.82,Jaipur
+91-84220-51630,akash rao,BLR-01,19,05-12-2025,1040.51,Chandigarh
+91 97635 07097,Gaurav K.,PUN-01,22,16-03-2026,755.3,Hyderabad
+91-71317-56291,megha ahmed,MUM-01,5,15-03-2026,766.51,Mumbai
+918048030541,Siddharth Khan,BLR-03,24,05-12-2025,278.98,Bengaluru
+91 78309 76571,M. Khanna,CHE-01,40,13-02-2026,1485.93,Chennai
+91 91835 76479,Amit S.,HYD-01,39,31-12-2025,1303.19,Hyderabad
+91 90897 21767,Kiran Menon,HYD-01,28,23-03-2026,536.67,Mumbai
+917560568150,Pranav S.,HYD-01,4,26-11-2025,1154.81,Indore
+91 73429 47682,Mahesh Das,MUM-02,21,21-03-2026,185.74,Delhi
+91 93365 47943,D. Gupta,BLR-01,19,28-11-2025,1072.04,Kolkata
+91-93892-64439,Kunal Bhat,MUM-01,26,26-05-2026,944.38,Chandigarh
+91-83227-61377,A. Hussain,HYD-01,11,14-12-2025,1627.2,Delhi
+919071317415,Ayesha Agarwal,BLR-02,27,07-02-2026,401.5,Hyderabad
+91 97502 41959,Tarun Sheikh,MUM-01,5,14-02-2026,217.11,Gurugram
+91-96965-22158,T. Pillai,CHE-01,30,30-03-2026,225.27,Pune
+91 76752 45175,Ayesha Desai,BLR-03,15,03-12-2025,585.49,Ahmedabad
+91 99577 31057,Rekha Banerjee,MUM-01,33,29-03-2026,576.78,Surat
+918489251766,R. Qureshi,DEL-01,21,11-04-2026,434.84,Kochi
+918322973901,Rahul Rao,DEL-01,26,01-05-2026,674.52,Hyderabad
+91-75770-51408,Vikram Gupta,DEL-02,1,18-12-2025,1338.24,Hyderabad
+91 97071 64821,Pooja R.,CHE-01,23,12-03-2026,1058.32,Indore
+918027149640,latha bose,PUN-01,6,15-05-2026,293.9,Mumbai
+918996062850,Swati Mehta,DEL-02,1,14-05-2026,1070.65,Kochi
+91 81067 89243,Ananya Verma,DEL-01,5,04-05-2026,230.02,Ahmedabad
+918668733913,Geeta Gupta,CHE-01,32,22-03-2026,1750.81,Surat
+919845664150,prakash yadav,BLR-02,23,31-03-2026,1746.89,Kolkata
+919888357313,N. Menon,PUN-01,11,24-01-2026,1679.78,Pune
+91 72225 15274,Bhavana Kapoor,BLR-03,9,30-05-2026,1715.13,Ahmedabad
+917477612833,Abhishek Choudhary,BLR-02,2,27-11-2025,766.84,Bengaluru
+91-75605-74123,Mohan M.,HYD-01,20,29-01-2026,354.9,Pune
+91-70365-96987,Rakesh Pillai,BLR-02,18,16-04-2026,384.35,Mumbai
+91 94412 29845,smita tiwari,CHE-01,7,05-06-2026,842.06,Noida
+91-79523-88127,Pranav P.,BLR-01,1,26-01-2026,1165.49,Surat
+91 76562 88167,Ritu Reddy,BLR-03,16,16-01-2026,1215.18,Gurugram
+91-84709-31353,T. Kumar,BLR-03,25,22-02-2026,1711.98,Noida
+917028172148,Megha Pillai,BLR-01,22,12-02-2026,1080.23,Chandigarh
+91-96962-30844,Sanjay Mukherjee,DEL-01,28,08-02-2026,1194.64,Noida
+918023255223,Vikram Pillai,BLR-02,5,25-03-2026,894.91,Jaipur
+91-98551-46183,Deepak Ahmed,DEL-02,14,15-03-2026,1566.78,Pune
+91-81607-07975,aarti verma,CHE-01,2,12-03-2026,1678.06,Gurugram
+91-81661-77398,Karthik Bhat,BLR-01,31,13-04-2026,803.17,Jaipur
+918863268736,Omar Patel,MUM-02,20,11-03-2026,388.23,Chennai
+917492370625,Aishwarya Malhotra,MUM-02,32,14-04-2026,643.88,Pune
+917693009121,A. Iyer,BLR-03,27,13-02-2026,1427.53,Pune
+91-77612-26875,Suresh Subramanian,MUM-01,22,29-05-2026,433.31,Hyderabad
+91-86173-54550,A. Agarwal,CHE-01,35,30-05-2026,821.19,Kochi
+91 98837 14144,Komal Ahmed,MUM-01,18,07-02-2026,175.44,Bengaluru
+91 98229 45850,Varun Naidu,CHE-01,36,08-05-2026,686.79,Chennai
+91-84841-10982,P. Mishra,HYD-01,19,14-02-2026,670.16,Pune
+91 77761 12151,Sushma Roy,HYD-01,9,07-06-2026,517.31,Chandigarh
+91 70831 65884,Rakesh Mehta,MUM-02,22,09-01-2026,993.59,Bengaluru
+918314014371,Shreya Singh,DEL-02,26,23-11-2025,1493.53,Kochi
+91-78913-97175,Bhavana Verma,BLR-01,31,08-12-2025,1308.81,Gurugram
+91-87295-18556,Latha Pandey,CHE-01,40,16-01-2026,378.27,Gurugram
+91 77299 81477,Megha M.,DEL-02,22,20-05-2026,235.47,Chandigarh
+917128558975,Tara Pillai,MUM-01,4,16-02-2026,1226.1,Gurugram
+91 80965 04804,priya kapoor,BLR-01,11,18-05-2026,408.1,Surat
+919031432498,Manish Gupta,BLR-02,26,02-12-2025,1126.76,Kochi
+91-70055-12705,Siddharth Iyer,MUM-02,28,05-03-2026,939.89,Surat
+91 74215 36885,harish malhotra,BLR-02,25,07-03-2026,1327.71,Noida
+917903915446,anjali reddy,DEL-01,33,03-04-2026,172.66,Ahmedabad
+91-72895-10285,Sandeep Mishra,BLR-01,34,14-12-2025,528.81,Gurugram
+918006006234,Nisha Pandey,BLR-01,37,18-12-2025,1471.3,Indore
+918154937041,Tara R.,MUM-01,26,26-12-2025,644.58,Bengaluru
+917971145821,Rahul M.,BLR-02,24,20-02-2026,1334.35,Gurugram
+91-95421-12203,Ashok Subramanian,BLR-02,4,12-01-2026,1319.88,Chennai
+91 84446 64469,Kavya Nair,DEL-01,25,22-02-2026,417.6,Ahmedabad
+91 88806 29077,R. Sen,PUN-01,39,23-11-2025,1504.05,Hyderabad
+91-78984-86802,Anjali Krishnan,DEL-01,32,30-11-2025,370.73,Pune
+91 78382 46955,Yash Kumar,BLR-02,19,28-12-2025,1403.95,Gurugram
+91-73567-79203,Rajesh Menon,CHE-01,12,21-11-2025,852.26,Gurugram
+91 91877 38633,A. Malhotra,MUM-02,11,25-12-2025,1758.47,Kolkata
+91-94933-88623,Amit Malhotra,DEL-02,20,19-02-2026,314.19,Kolkata
+918221393124,Sapna Mishra,BLR-02,8,11-04-2026,429.15,Kolkata
+91-79522-37950,Vinay Q.,BLR-01,23,30-01-2026,1535.16,Kochi
+919797584760,P. Iyer,BLR-01,37,26-04-2026,868.05,Bengaluru
+91 91849 95201,Sapna Pillai,PUN-01,23,14-02-2026,157.04,Ahmedabad
+91 75513 21871,geeta menon,BLR-03,32,20-02-2026,890.35,Delhi
+917992968034,vikram patel,CHE-01,4,25-02-2026,886.06,Kochi
+91 91899 79646,A. Bose,BLR-03,38,13-04-2026,1754.62,Chennai
+919691197867,Nitin Menon,MUM-01,31,05-04-2026,528.39,Hyderabad
+917649226579,Mahesh Subramanian,BLR-01,14,27-01-2026,845.65,Surat
+919597896194,akash reddy,DEL-02,27,11-01-2026,889.25,Pune
+91 76579 02464,Ishita Reddy,DEL-02,22,08-05-2026,1041.74,Gurugram
+91-81141-19590,Rashmi Sharma,CHE-01,18,07-12-2025,192.48,Noida
+91 77244 82641,Rekha Roy,BLR-01,33,05-02-2026,599.83,Mumbai
+91 96094 33192,K. Desai,HYD-01,25,09-03-2026,681.45,Kolkata
+91 75944 12700,Divya Mukherjee,BLR-03,31,30-03-2026,228.22,Chandigarh
+91-90825-05624,Tarun Menon,MUM-02,6,16-12-2025,1308.38,Gurugram
+91 98856 99825,omar krishnan,DEL-02,19,14-01-2026,1309.72,Mumbai
+91 95384 03848,M. Trivedi,BLR-01,18,24-03-2026,781.77,Chennai
+91-97633-28389,N. Tiwari,DEL-01,5,09-03-2026,310.01,Jaipur
+91 80343 18019,Tarun Agarwal,MUM-02,12,07-04-2026,524.63,Mumbai
+919739314764,ishita sen,HYD-01,29,06-03-2026,176.93,Noida
+917447803753,anjali trivedi,CHE-01,9,14-05-2026,975.15,Chandigarh
+91-73598-62456,Komal N.,BLR-02,20,08-05-2026,1059.53,Chandigarh
+91-78540-77593,Jaya P.,MUM-02,26,22-04-2026,612.52,Kochi
